feature_0,feature_1,feature_2,feature_3,feature_4,feature_5,label
4.342766550602805,4.973765004776533,3.2659785771705074,7.051047679584984,10.680907989731022,2.5292095113383075,1
3.361262012439072,5.606356234246237,3.674478165207093,2.4036597998085214,19.126282275915536,1.5304680561828474,1
4.220497236783481,4.382480291059874,3.645963624767196,3.881389128957589,12.014879210804406,0.8130019256463812,1
5.111935088414873,7.572172892254582,3.7175034553718773,7.037609435954365,14.798197137175016,4.583637590749592,1
4.56457610895431,6.009109019973402,2.338272047293252,3.124178858730864,14.554131551384776,3.675182438514676,1
7.005766665258019,2.76355357548748,2.7666978444882453,4.646103379826456,15.902686083376727,2.838197001597592,1
5.175147510278979,3.751264622730343,3.448253249410241,4.052505873360868,13.191619207072446,0.6132343393059116,1
3.652002683217578,4.609571605256365,3.069604678375168,6.092805882914782,16.712478687316093,5.038637916874442,1
4.5276557261737524,7.824069874297104,2.755398510060622,2.9485496420850903,18.554271467469892,6.303732035359089,1
4.122621966897921,4.689243278183445,3.345179935333752,5.505898465101909,16.705471899024523,5.074249428885672,1
4.478067211313021,4.985239177222143,2.650234694032807,6.116405244764866,16.572248801085397,1.0291806108630204,1
7.272621771246966,4.811412939800678,3.4161018085885084,5.914745815699194,15.329283266520447,4.180151015484154,1
6.131299700181054,4.39097652102895,2.3644671406774966,4.27674058637887,13.57273766663645,4.777693453751832,1
4.99675782207781,3.6797943660521315,3.0789855575465963,3.277174758764347,8.036403260404338,2.642655840276575,1
4.281912078016832,3.912491236088552,3.2399266882560838,9.344930622179335,15.060442173858988,1.5083208061160671,1
5.5164683179604665,4.8715134585615685,3.0319869973917952,4.929884457626598,13.90532855844145,3.2436189707558105,1
5.326636243816098,4.564741860701217,2.566244401827934,1.986484596876259,12.824087171925056,0.944794481985471,1
4.62501064385624,5.389511731167598,2.6821914744775928,5.8374623682171976,20.715746533086488,3.638816422075899,1
5.485001497790123,4.717150190345562,3.0686814304941135,3.845038838112643,17.56185223260942,2.795273627518711,1
5.947830540451818,4.396245570575841,3.475983125598574,6.004058667768033,16.791402870987575,1.720221851393267,1
5.352306422647163,5.744426285497692,2.6097983971680687,4.7086834643551,13.831137650620573,2.847156632946475,1
4.397391373713395,3.687471715879485,2.816576520969091,7.0753928687766425,20.28446766801258,0.7846534520898674,1
5.180508939960123,5.04068784514063,2.4712384400982645,6.035337780800475,11.905841772760361,1.6283178705607395,1
5.3552908083763615,5.033003248899345,2.6270084243775407,4.858659378428328,14.78552414675066,1.931581545360625,1
5.516841637820682,5.148705337267133,3.208653311850722,6.932685799519352,19.753223287500926,0.3830417663259502,1
6.154996983128002,5.052322633099229,2.777469276383256,6.8615720310341555,12.563045585949453,3.665687353796545,1
3.4906175916172026,5.860038099934767,3.1258102143920796,3.8522280140669443,16.31126936648999,3.9331341165849523,1
4.727504038542244,4.32065212420014,2.4597966411011702,3.211358006718335,12.366037478939019,2.9485892091603474,1
5.141065564725036,5.906013514455862,2.895058643423423,4.233657821475058,19.363907451330352,2.2739281170208994,1
6.013386864898337,6.502150352408573,3.3665104412932276,2.00464015522976,14.77610588808476,3.741096404889482,1
2.7851501132363827,6.446289979939481,2.967885871779327,6.536044110504373,14.333199078001325,5.833814195749207,1
3.471924862200571,5.134975317214638,2.9549238499883197,5.4731944196356075,14.49367379618244,4.216936823418134,1
4.7116613648063055,5.707261703002049,2.9222339793905516,2.4715646445652,15.594558918510852,1.783897502022287,1
3.715893548720755,4.790482564128673,3.272025929840535,2.514288988481226,12.592780752058033,2.9544343686155248,1
3.4991046491563935,5.7143380372929835,2.9482685413265792,7.30698102082262,14.269130855634272,4.8220436034949525,1
5.515509858359949,4.507648709817403,3.007038302867726,5.889771599863372,15.57213407155864,4.387726173084018,1
4.377866767497898,5.034582753789575,2.1944420897973282,4.135153014215074,13.913281921232624,3.3110445852534935,1
4.066273448990696,4.66277101928247,2.755083655326705,7.803986082623881,18.699462150567655,3.0420724547946656,1
5.384418679076443,2.7762640923848725,2.9302919584670692,7.549364557809162,14.8353734519836,1.8549687105176522,1
5.771477157806135,5.612812413736326,2.800924800841605,4.48802759189353,10.34106179785039,3.1171426634025883,1
5.598766327090445,6.707021076925234,2.877158645774789,5.387654447005393,9.223190168326322,2.485260762478976,1
5.779783811334358,4.732082493995861,2.4687672675277,4.117180269804467,13.557849437231653,5.85019871936594,1
4.515264316302417,6.950413056629804,3.3702902985112653,2.5340339941465766,19.359115639610724,5.036475126600541,1
4.035196245085014,4.857988643604182,3.087165961463925,8.183176190381023,11.979964453750643,4.350379583817851,1
3.2584051769772895,5.829712502632363,2.892856913899022,5.527549757466995,12.657218729313042,0.925254775081648,1
4.371473652936146,3.6949323977574293,3.729201178637126,4.873454842596305,12.66973302177859,1.559915576928582,1
4.89708677526176,8.185817556567969,3.3786641076117347,7.131952310249368,12.928736111585497,3.4174768550252836,1
4.095210878370947,5.0493361839823905,3.157609918561076,1.5342165348136634,16.08659050507199,3.2625638240994252,1
7.481302210241145,4.983212916026068,2.646673927526488,2.758670877564791,18.206397397891493,2.7212198343214915,1
6.734684727699665,4.458584771789264,2.9150194394745923,3.7135130269036245,12.681227549934064,1.6113581801854084,1
6.577866571340763,5.552879478058465,3.0779490734683232,6.253357668411879,14.425028610144965,2.0072417731343815,1
5.144593815020253,6.51558109217113,2.8786697339863925,5.575419253588888,17.386483661188294,1.4158055948510553,1
6.290589043305891,4.822666183031145,2.625429166274325,4.333632567023591,18.33889241044471,1.166489140153963,1
4.985637827146783,6.044456937525741,2.9339253639575453,3.775749064115177,12.612652215370563,4.76802159114519,1
5.465417063755085,6.371663101784713,2.5896067610544415,1.4737066027038623,14.96890512774338,2.8739550649689827,1
4.901829995720238,5.614988188225552,3.275653670879843,2.5994069769182593,16.564629623865688,-1.1670130256060718,1
3.6665054770396344,5.7764509653999045,3.068538807390704,5.050872870756383,12.915101037949544,3.626094836679377,1
5.526701448103644,5.484750635293546,3.473844241574517,6.767401132385261,18.52703932505723,0.5650777229519317,1
5.248476527393035,4.965623889261294,2.9745572159292717,8.479214934558474,15.602314040234118,2.77835709483999,1
5.690039822394411,6.607217378026088,3.402744434104268,3.779957335696228,13.006080046791768,1.0797608489042627,1
5.863565287442906,5.755826054356595,2.362576428589034,5.74822684719795,16.722017711559417,2.255388937451542,1
6.4113660034239714,5.964945808896145,3.4870442333799594,4.569180999416559,16.202321267682468,1.0367499634028405,1
4.531023055262518,5.0446074311206806,2.696482054640263,3.469388888791933,19.43645880906286,5.997985196646095,1
5.162666507639159,5.26640529429651,3.094305691988739,4.318532349580095,13.885263638594985,0.5603133931067386,1
2.1003840806132237,5.153313011609423,3.6877254266872526,5.621548306492446,17.39772001269758,-0.3881707123086051,1
6.24794835088344,3.4870629713777346,2.8148659263954094,4.2552566363412465,13.267245789604825,1.9151031603787674,1
3.1615415594150775,5.105955586377364,3.6079572658037518,4.0444296132962325,12.94789998946265,2.3129029618371244,1
4.031138874535789,5.531460257254116,2.921982422016907,4.686884555603383,20.481496441951457,2.6250761396121303,1
4.14587334901373,5.2442424820329405,3.9158074200753203,6.496778580226868,14.955422830054578,4.987037414858223,1
6.775676636811948,4.262705412697084,3.672714435526815,7.027495785911313,13.196639151065835,3.1005667246226376,1
6.513351276432012,3.2006348574291597,3.103298247760878,6.831059524250045,11.716962404978478,2.69396544109255,1
4.688457014717856,5.020950836855421,3.2847982636432382,4.276962445845474,17.226367961018923,2.498348241583077,1
4.916145117508172,4.6950760041274435,3.198097568296915,3.069089931400001,13.761324071666467,4.230692209976166,1
4.9544356307421,5.059360387876888,3.3240695477731426,4.066642739316747,7.341385170342176,3.9966164787585496,1
5.64023043562994,5.009286412219218,3.127289539494099,5.787948931742177,14.502610981018913,2.2109581109206715,1
4.141969345880929,5.510910049570357,2.9527128928784165,9.52545534255765,14.035738185319405,3.893006467622237,1
5.0148131605641515,4.871449818770279,2.988605946147359,4.660329936074952,15.911460665623963,3.204289407617766,1
3.292740170629063,4.00194730783539,2.979747037204105,4.536115921326001,22.468008414694953,3.4914173072964947,1
3.9289923697574123,5.403664669289114,3.2672016801347348,5.335255393903732,16.342163876275098,1.122457000846841,1
5.015280949436224,5.796015078877728,3.2302501707619293,3.33116940210545,12.999090215308485,6.539914929675259,1
4.857696965214816,4.3731831033537985,3.4460596874526095,4.98936625433383,13.407937474160837,2.417122099204426,1
5.478046074015349,5.67730843938195,3.2478278989015137,3.8840334204041658,12.315380189397496,5.077095995062066,1
4.930447727015202,3.440632103356501,2.9911889839252424,7.697741924512689,14.739883484079813,4.493438185209885,1
5.307148553708677,5.90485378539422,3.29667553595563,5.333118661065158,12.826701750407072,2.5445070550000373,1
4.598910014635346,5.326272740545344,2.7593789588645903,8.149681727500159,12.323937289147278,3.9044987236813213,1
6.894163400241272,3.302160612714162,2.743044348609659,5.544127864183869,20.268996170663534,1.738749628578455,1
6.367440693668033,4.614794730044337,2.6634715477819975,7.644668379815725,12.423977641216489,1.7203896235836442,1
5.931798074692926,5.3424293891001655,3.7359405252032825,4.1417248752431135,17.89575876867868,1.279019280852229,1
3.5094566282833286,7.250279213506453,2.553448793810405,6.5614460597048625,19.01031644851163,3.8877197931915517,1
5.005001720560986,5.266663381737111,2.7001928716605264,1.6668445226302153,13.710895618078052,3.3468797591243873,1
5.6231701426351375,5.013413852945761,2.965825569368475,2.08048371543022,21.49620100895079,3.474422835781727,1
6.357404025211439,4.718015313592686,2.983262584210726,4.286070977257431,18.289062098148136,2.604477005073856,1
4.0860218137706115,3.9194928210742104,2.8280086060845138,8.394794344506149,19.148449597871277,2.966976152431001,1
3.698522979063808,4.2963732691692815,3.107570734378056,4.6171110989317246,13.09034129767754,4.518439690032148,1
4.766668682544472,5.540209904046546,2.801706866794675,2.5551847793621003,16.766795480261454,1.0559680058111116,1
7.193493272139004,5.685911800303368,2.3856988548293137,4.9175016730326355,16.638220539555828,6.18005305454489,1
5.695323123941711,4.847553262257447,3.052512595733403,2.356337505318529,12.600851495151062,2.831501523208904,1
7.518184558283753,4.115021986890611,2.7635485607838177,5.58543989146154,12.435759559794613,3.4259797379330372,1
5.935692121992402,6.7428959052898385,2.946255077860669,0.8460991404394456,20.1281470829786,3.437705493649254,1
2.6035551508986874,7.3292279297745555,2.854284861801846,3.8198864467238116,14.421141399660273,1.955058923968834,1
5.011131159634627,4.062605573771616,2.266431156328252,6.292462226473415,14.40574852557361,3.1371196474921486,1
4.18012693122863,4.647265033381185,2.8403417197162995,7.272850094295302,14.734058327908134,3.0112043742484254,1
4.853203579410593,6.504570380916999,3.466014071959554,8.785143958809822,14.787873224094039,2.4833525502384015,1
4.9130325419016625,6.877608725127438,3.0445938965063766,7.799606829781075,15.69065751294271,4.562868367699929,1
6.020669427017557,3.422442115866765,2.3596976142449804,6.077789478753772,18.33534021249189,2.6279580218719207,1
4.954232579154191,3.9038860046706025,4.384305351029058,2.190078993891742,17.653236002322885,3.920938157146506,1
5.420307127727492,2.989134972667437,2.804929328542542,5.228952418522725,8.74163210038159,4.256870375456464,1
4.221388999498465,6.072464741438054,2.9607938480167975,9.618812271100694,11.47753657557574,4.221640690512594,1
4.882427511876409,4.842101558858547,2.9867339877487304,10.531742662752883,16.503050681609047,0.5523684558649622,1
4.621703061705673,5.213794814616136,2.718771649209955,3.965579858053707,17.816964499536454,5.296713111094203,1
5.523730711020999,5.3451335324107045,2.6897208943441635,5.828099441876698,15.213100079686983,1.1284717753835276,1
7.057555603484714,5.186722060846185,3.0062836953681282,4.542004787217041,18.652416829883215,3.4756424137820594,1
3.9268021546694385,3.2365782164846584,3.19144233838646,4.68884431752005,13.809181657512463,3.7428892121070834,1
4.3632021622974255,4.7533137002909385,2.7989256377725957,0.8071279521602186,17.526195546983207,3.765126616232434,1
5.115751147224862,4.122261768136392,3.0950885167470115,3.320454236932039,16.76534341712761,2.83129222017725,1
3.5598082043142605,4.5292622063751,3.517597135026215,8.761469810419959,19.807467941050078,3.69854596236224,1
5.229085665516404,5.6655509298567,3.5478064479783527,0.5476216919591588,16.05896891712494,1.8916592574925302,1
5.331233926165615,4.52296639359363,3.871763134715343,6.005664191245188,20.386944277567903,5.424455187120492,1
5.998884198928181,6.8146645333088305,4.26186996855155,5.898514445501353,17.021267094647726,3.5251693211676534,1
4.995479163397767,2.51703269039885,3.013951017539787,6.187418362397158,15.381670744685003,0.9334604188342719,1
4.770920097260675,3.3521994387049716,2.3804355647874385,3.101902455591143,11.69136796861938,1.4368247752061203,1
5.540357370631794,5.427999289006815,2.8375401785955643,6.0671255512388855,10.67662780187063,2.147041477972629,1
3.13319323048741,4.706432254041384,3.039454578110968,3.8785529290161893,12.055631565879144,3.1436797384151456,1
4.94488091447856,5.461170156213688,3.360555577018553,10.566396441609015,18.184439224378522,1.5500473803603794,1
5.25581650322698,6.8269127864422625,2.965674242817938,7.909881839319045,15.34395441427285,2.4993812948381153,1
4.450138133468136,5.555035198275201,3.1894621206362204,5.316221552073197,13.475092481831245,4.7757655736213644,1
4.422542412017753,3.9783468129198503,2.3395380932068788,5.010583646618088,16.076600758837184,0.3568232531264286,1
3.3433025048520397,5.079909441320311,3.3444207324894366,4.986156695389443,14.519119446949098,2.1510612162135585,1
4.382613308796935,4.485284210383551,2.1436042487348566,7.127276371318857,16.0278717047439,2.55596619071655,1
5.9932324712960465,5.303638268390083,4.102057968597427,4.22894274658374,15.421092760453645,2.099194860109848,1
4.209309209286314,3.8880269664508225,2.460251490026747,6.012715740167764,12.971476994413536,0.16949620482983896,1
3.8188165715552858,3.4698396395648112,2.73547617244902,4.531702399817253,18.126229674089,4.906125509805397,1
6.616257644098871,4.352928810321869,2.6038947432291604,5.989356803661794,18.58058422895716,5.0859294336887935,1
5.134957664360888,6.173237507718699,2.9282480093404897,5.282935683886798,11.930202895038517,3.32357296529853,1
5.598007053485095,5.476881216176957,2.6124821541684144,4.914450388120949,19.53899207751298,3.9853206545451996,1
4.152111049355667,4.062495584537275,2.9183414477215033,5.113579279298465,22.139396880496932,4.293774600028335,1
3.315592186323559,5.228844382795389,2.1955306164450836,2.3604859532846008,21.175064131869487,2.5705984905129307,1
5.4533406004340605,6.675524780836572,2.683955425763314,7.073685927596344,13.991518861311016,2.0062630940485793,1
4.171188793006489,4.521854742526346,3.302821054884451,8.3518055100423,11.624847081922928,2.3189744592287442,1
4.38826195434512,2.11955635925354,3.3085770113768294,3.6210449562838205,10.830268885136384,3.8437604109269223,1
7.72562102848723,4.985631283741997,2.6480348607965865,2.514023452585771,15.474335214447283,2.0426305055656613,1
5.5591969654987805,4.114358657670871,2.990928329050625,5.757220648268365,14.294597712182536,5.579530898693567,1
3.7573776159142547,4.126352449817214,3.0197770242587505,5.993625938776624,15.316108483398505,0.5442738748984248,1
5.3842489950825145,4.769354617314825,2.7870452859804553,3.038531312808229,17.943274255462676,3.5032665564673238,1
5.266873758968344,4.559122233058111,3.357925475086374,7.150914937510295,12.37749533797691,1.3193070040900694,1
4.872782523389908,5.52794748838555,3.6392421195349627,2.753966107602679,13.173978759829437,4.54695213085898,1
4.745541755149583,4.977089437680705,3.24471551729989,7.2694261277845476,17.903063820609756,1.6498652509824892,1
5.981510988237598,4.826243374801679,3.306304871282957,7.112731774652847,9.810140027582248,1.0527808905163971,1
5.101069025678584,5.009322891063379,2.6012260657688238,7.4564439558870435,10.960714358663468,2.044041817188046,1
3.9291501192562066,5.808198817345716,2.4673726426879026,5.504987123481776,15.832270720486196,3.279669493056625,1
3.999606325112053,2.6365866522783423,2.2577192222081193,6.902095060089168,15.947616239339796,0.354213170297784,1
3.6901917591078086,5.084248616793439,2.9352124632721877,5.204435529681816,10.3401355482834,3.3561408691098693,1
3.498921162922146,4.052185522168733,3.1540120634443976,3.744778635196629,14.057716123621422,1.7495971294112218,1
3.320933716836497,5.151344579017425,2.684929498186421,4.76682070654338,15.612632459718318,5.137174489565895,1
5.180823749820348,3.697619810063387,2.522222095496896,8.722709145777841,17.533827935252937,2.7318454902802483,1
5.098616879405564,5.711997043025505,2.261150472109862,7.159522225863515,14.306088131377615,1.218136046956419,1
4.854345826739364,5.146234901701129,3.5063617810937013,4.181078875496268,14.92426076832739,4.704612200033518,1
6.525784727215417,4.649958528666647,2.5052980595033185,10.593389837464418,16.027014559621364,4.150185857262977,1
5.004630668091452,6.149451449685347,4.06176829657045,6.415515829773906,13.749159312485,1.773721349911276,1
5.803908953581221,4.2799336951038915,3.349327516823572,7.026241596502888,19.799373338252483,1.9598148688364019,1
5.1882979649417615,5.6658411851248145,3.0583778936179757,7.453549290398552,9.913926913826153,3.3702080622786763,1
7.8783780398681404,6.502159783864935,3.3519270113784643,7.933496874968494,14.739180940227286,6.497945973373141,1
3.5629376208866868,4.7100050540812965,2.9587684804911993,2.5205393748244562,15.466360468773429,3.5534309413948098,1
5.7377017994431965,5.732500348887628,2.9927279922136423,6.826692111695497,8.75146569453145,5.096457272181436,1
3.8790411452047158,3.722595722289581,2.313582737435136,6.203774133461722,17.461601760454386,3.383220149712432,1
6.588585824700827,3.578877009433782,3.111485882784331,10.9203449416156,15.634075648534948,6.365438763567414,1
3.478082023680191,4.2617428136163,2.2470363958626347,4.983803677537046,13.024225603398953,5.860834682797529,1
6.417500531766273,5.787364782137136,3.2624605480996536,1.902276729119468,13.812479650607262,4.629648634841239,1
6.790315758121417,4.061459460735055,2.9863763860508863,4.343444360936227,13.255205775056945,4.269295663181925,1
4.906274427650081,7.031150026858688,2.967582981492016,2.3248374501370748,11.564278053379896,4.601989090975716,1
3.509065027745168,4.952776085229901,3.0078950552954753,3.076921224486597,16.513319504237526,2.235888206415177,1
5.21509997022736,5.078184718791711,3.3258599266000837,7.879817633462727,17.67920731092282,1.7926643939079983,1
3.8976170067414797,4.532940605706886,2.3757896731919854,2.5474401672770997,12.969573899619327,3.6258334850007428,1
4.865694067637252,4.168181043910608,3.218782913490283,8.823610611442144,12.2995084008979,5.017519138318518,1
3.087811609017717,4.460983812343661,3.2050035268980523,3.4169545099449086,21.69782976214256,2.9478126451089217,1
4.544430202723325,5.352201755777657,3.1370391892744465,1.9019322806040146,15.250145443480434,1.1202649724171123,1
3.9358321594484442,5.64113154650084,2.50291452542546,5.429733915850381,17.952513542721608,3.566027433598174,1
4.593716881265509,7.031255702927344,2.87004130246241,5.163901661043569,18.298677918381454,2.1071980839988287,1
4.473298657872791,5.791619281709062,2.903966239719084,8.939667266481264,5.629759244530275,0.0059825438657270524,1
6.162149956159662,3.967310004079483,3.3041574598468255,6.406583550077879,17.83006206777192,4.210164289068788,1
4.227605997348118,5.45813348046863,2.850312245214151,3.994085342085963,9.780988667164866,2.4917289837511354,1
4.974397432089863,5.796205271676946,2.4885820263449308,6.319343781799708,16.93317643816783,3.646279141360748,1
5.3900145975498255,3.8108822666606246,3.0262521096148554,5.888603760599941,12.896383376406103,5.2289206005381725,1
5.709294161576621,4.916450038272428,3.119238717744651,6.152382411703503,13.22921718365841,3.8732171553692214,1
3.9293594743830695,3.091501492908976,2.8293766900741275,4.921442225900116,16.55636342134987,3.265222705642382,1
6.185560272120999,4.539627664648399,2.8695861432740264,6.030066947463822,16.079671410127542,3.571754619835441,1
6.282727028888484,5.880835597295103,3.2205242427359506,5.694663759229554,18.191470586239312,4.1840667682420944,1
4.688010832153754,3.8993556423901587,2.8807154030843503,7.1314412489797165,14.145022256079514,6.491093458361301,1
3.8505399336266555,6.094689346446621,3.157618621466491,6.019367056214873,10.79603454541946,2.2118240617787546,1
3.561460816850322,6.845596209898465,3.131788424683138,5.413769469100393,15.9743908168235,2.3634978605269126,1
5.450237973049132,4.87579587296259,2.9362324218310976,3.046113988579343,20.594166083746284,1.449570474920626,1
6.272987801763148,4.58252435046111,2.5880882738273128,4.384538174631493,12.61368721806151,2.2087185127086255,1
5.198512545623978,5.65540993942042,3.4009847451314044,6.404311437456217,23.075789562916672,0.8685526430839654,1
5.301569500606949,4.833446173185374,3.0263378687651015,1.8266623720986295,17.487221621291866,3.881083900756753,1
6.286801356135555,7.001605936432529,2.67461548446975,7.213394402849573,13.781084922933061,4.1993975080275625,1
5.418932134599799,6.177288379162062,3.5686337790533207,3.036848365828908,17.51143786969576,3.177538913567713,1
5.627955831006171,3.3465880965156645,3.306852235097918,3.2098672089701754,17.1192154793861,2.9395433819272685,1
5.165473696759894,4.90260825310573,2.9959677305008507,4.409212344453011,19.60577377729925,4.350582629276434,1
4.653476021118212,5.7104087504594,2.3239929453282926,3.8473527577505156,13.365148799568603,3.702657095280363,1
6.791186703109599,5.950083515335541,3.3004355785272605,8.297956684782863,21.698391925952166,2.478435058466953,1
5.716096925579372,6.117280695447343,2.8145636459704932,1.4002377200913796,16.544684818507605,5.966698736731651,1
3.5547806573174006,1.8056444601162513,3.5285607817171427,-0.7631248816619554,11.237225636665787,1.7819288301215561,1
5.650704482703515,5.931458397209623,2.7836269307048966,5.090692071186733,13.54903011923575,4.972379419436523,1
5.813605000689495,4.870859967312222,3.224847136282772,4.052176417410541,10.98993809251441,-0.6250894605834159,1
5.256768183580052,5.48570130568739,3.168391995402884,9.88811865401438,12.922832404948766,3.271561150158803,1
4.227553590446254,5.349637764110461,3.3772504844389912,9.002124740638193,12.795170885385009,2.280924633088417,1
4.821219453682884,5.57964694496625,2.2712999463858807,0.2588402060017412,14.937665797779129,3.7712718765629605,1
5.545554258446441,1.7453848802195866,2.885967748333309,2.749238464868362,19.565811267309826,1.1175093841693906,1
7.643626791941991,3.7944618100665606,3.1523071562061347,7.546326996833445,16.758234255253033,3.539400226092039,1
4.229714529293168,4.979722069763784,2.7960069354909547,4.030145137300104,18.679616141309346,3.1884490436064836,1
4.599879633354835,5.4287482998037735,2.362861471891539,5.7952570758186575,14.460085755772688,2.5423829809358818,1
2.981959501093691,5.871121292072977,3.70658473550204,6.531467601594367,11.492125057955768,2.5275628152364202,1
6.218042506824929,5.187319096955431,3.193633614604531,3.517319746723609,14.15238683205447,3.5673102469262687,1
5.765212108044547,4.211302598449375,2.982643616526942,5.418321304340041,16.441271543522646,1.8170754754751202,1
4.700769476094976,5.68279152488379,2.514341959775092,5.695756182311919,14.43196166089869,4.34000449464309,1
2.7239939095035903,6.560574276768476,2.3361272358488225,2.0328028843826638,13.48609923219001,1.9086321402713164,1
4.075420122559107,4.4650050403924055,3.2458909718258413,4.399062303714696,17.25408485939247,2.0031831760923353,1
4.7194591660646665,5.7933987675277905,2.9007248338978284,7.297096330945726,9.827812681848428,1.4600408287179145,1
5.358176363458077,4.808470056254593,2.807720110595311,4.104769180590978,13.861610184932836,2.5563442886786354,1
5.99492977208083,6.446637158971934,2.754077338822174,6.782575602978589,20.631047496256777,2.5198693688094584,1
5.026979103439859,3.861946508278744,2.8861272998479692,6.828241998539705,17.131065630440276,-0.45661460611574656,1
6.500765245901302,4.580582991043853,3.2860072200528063,8.970633657418798,12.272127457423831,3.9198156780425637,1
1.6627404732759117,4.994432223266224,2.916932044177692,4.1349365094784005,14.381393508191039,2.517213545870923,1
5.660241404633066,6.235970557661195,3.3805857960592025,3.304323394267266,11.625427427200888,3.5016061735990958,1
3.5465554428373807,3.9341591262971436,3.3298533219370254,4.267910072095267,12.916760849991011,3.3401208379507694,1
7.029190092070196,4.966618786701001,3.1683511641618227,6.3688386266240045,13.583030664436484,1.9479156919144245,1
5.141669458049321,4.622818637277922,2.8801959544076565,5.097986457848466,12.639428427830762,1.5376480337644394,1
4.466050575868043,3.484430433915068,3.0501091016774846,4.731795583922221,10.165178017041512,4.282819424011505,1
5.658297287070013,5.3327583509616625,2.3616086767082103,1.2328747630193386,12.515997410754785,2.376057848282757,1
4.92061550077075,3.51922986724663,2.6607578000213623,5.25921860079793,11.970846313785778,3.0607203574403865,1
5.079435146641034,5.518048498614724,2.92910026165317,2.892790724955342,17.506604178512877,2.6580730415278824,1
6.1472345724540105,4.070480444662903,2.456109404365129,4.954584262290897,16.867938385325576,2.279007171867903,1
5.499130020789135,5.450723236159639,1.5603278897900916,4.625774694561156,12.753436029908977,4.610174277831278,1
6.981836871854684,4.999529422515067,3.0626289256995394,4.216701028071385,16.085301761896144,4.9636888818668625,1
4.82129474115544,5.795771564516914,2.599257703564599,6.39399092614363,16.400903431173774,2.3991711488847622,1
5.042499244947092,5.621303836795508,3.3658643739274017,7.288901879594736,14.662240989193542,1.6367841368246907,1
5.994837400458395,3.941645485036556,3.3516387672403436,7.574292863241654,13.757086597987355,4.173203077467097,1
3.8479856369459573,5.735998590291438,2.3156435141205005,3.1838144037438907,18.422129457359453,2.7295139702513804,1
4.2507029723151835,5.874271817260916,3.4411587967339132,4.856162667329627,13.679446205043844,5.4535585025829025,1
5.613116547318439,6.074289998198353,3.3288027446558717,4.215233024564572,20.354183006734033,-1.0474629248707172,1
4.021032892468967,4.416419411572375,2.5417944474486927,3.6293266107532487,10.756726362270026,3.5909421449764585,1
4.378568613596451,5.754190061448037,2.8861375170957437,5.393144566857619,20.259926631521893,3.292739105665113,1
4.736514643672717,5.376519522244943,3.425072292804807,4.4473607489461084,13.366256703823,2.170093085461007,1
6.113598020954791,4.878409174640524,2.9664084233799093,7.227741776226969,18.95902590235127,1.5575825322519037,1
5.2129180462844005,3.769876019744151,2.657759726333123,6.475913995532146,16.66720983754294,2.4992293389738274,1
4.8292395720774675,3.7737263659808358,3.2395077929303673,2.62887747983684,13.299965918230495,3.3925078041603327,1
3.7051402801834756,5.269412826088018,2.468957323237514,6.2486047146192005,19.566289538682287,4.244140397558417,1
6.047165464850183,5.531281577472223,3.007282907838355,7.89788433139957,16.251526774753334,2.713461788262092,1
3.5781699929282142,6.148616805328462,2.9997014240169873,4.883855722779181,16.82602861961564,3.503184206371319,1
6.8793727482854585,4.222414497627579,3.826681281114455,6.914691468120162,15.129778076613134,2.4225487758871544,1
14.616884431631142,15.039787680264268,3.002174106134711,5.924376482920821,10.001017127730336,5.068163053704017,0
16.665987334794572,14.89386645427269,3.7483960098915405,5.178803771721077,11.98712344152814,2.235515904624223,0
13.661049574016321,15.269940143545412,2.847794472280476,2.248749693167589,17.786684883581724,4.843043278618882,0
14.947491237889427,14.072544407355329,3.2370904814926384,3.6326939616983145,15.536260443900279,3.28144573537682,0
14.489014758575534,16.31218920447543,3.5710785831023206,2.6077551775733396,11.521191702032162,2.415459952434948,0
15.4118647794513,16.215441152725436,2.9468739752108792,3.7416068065707266,17.867424673557714,7.898705680841873,0
13.558725208724596,13.950018524149376,3.5017494567648315,7.240349714262525,19.45836274262013,3.0195194989206144,0
15.612069979271848,13.039381198730187,3.4419642323492274,7.4931184195074945,13.504898452462047,3.5034654542463315,0
15.01948256715794,13.379844031645877,3.465330268070033,8.420333043890526,6.55401878660393,1.894799278121631,0
13.782171939704813,15.310836681356339,2.768787437593219,6.288726152439011,16.328069357593485,4.606142659004876,0
13.38634217191705,14.680011595639291,2.8498595898872736,11.222550596875074,15.901871886643955,3.5211908383247614,0
13.52919558751677,15.70785913259295,3.2035197442750714,-1.6320980317850582,17.28717427188331,0.7038095996349645,0
14.708004409803184,15.178934428341478,2.8982722949390194,6.056044317279834,11.511186425666198,1.0575456438004633,0
14.511914680416119,14.149698037245722,3.2689216922704203,6.416197511004727,17.689362640820043,3.7609916955557363,0
14.451441127889026,15.301774694026735,3.5271252687082804,9.110662797589175,14.259740894415723,4.269137963743599,0
14.232594225739707,14.609097343397485,2.8229106366121264,6.853901221122579,12.182784302254614,2.1217536761831473,0
15.063378574915443,13.025726996989075,3.44015654016208,9.182851289923175,11.455475228931277,2.0364279226191475,0
16.09494120981597,15.096005476311568,2.6532609139019177,1.561016537399615,18.747713174724588,4.043406445831823,0
15.18627974074795,16.108837205764583,2.791035608094001,4.825134210474716,8.00287274202406,2.149976645187321,0
13.640997886429947,14.377898825380097,3.0900126161422015,6.130082745984873,12.930350377514545,2.8267958017649755,0
14.968405527913898,13.614104193239832,2.619394811475481,6.154693855536671,14.270484721777786,2.537902547903012,0
14.395504117583535,15.654723524239323,3.5602599369537566,3.9558525020583737,14.871139759854083,1.469968709355659,0
14.126868825724438,15.010069072060078,3.4079626614279634,5.995617512200518,14.69293638764759,1.8100560193658175,0
15.484455279027445,15.915878888497016,3.0981516838128567,8.574225827543565,16.93872510710171,3.6541774032105083,0
14.549985115949406,13.602132509180487,3.326871831841747,1.3754795819108172,15.086992471671612,1.846938799497823,0
14.921179728488825,15.448085386673473,3.1011647439829573,8.083750414169522,13.101920020137428,3.9102868973969414,0
14.677173448630843,16.72328280303969,3.1377092430245526,4.0623833518418415,15.66892265357906,1.1968529597335107,0
13.356269755624774,15.706401879245847,2.576737827121665,7.702491039385091,19.58974926612475,3.626421195763027,0
17.154809013001543,16.528857235383267,2.6669959073706493,5.698608696258257,18.98754182194598,4.3368551612348165,0
13.74275207126226,14.33781080429544,3.5289257791138664,6.974532446628778,14.05466190752424,3.036727616942035,0
14.840571675919525,14.634739632820178,3.235792675183812,2.180924984038114,12.838388507326817,5.78710145681511,0
13.307872288684997,15.124595311120206,3.023201878716857,1.7954262009060646,16.684826236425394,3.2336126525703115,0
14.140701363861533,15.971608507878994,3.26967975618231,5.712017428580676,16.768619513097185,4.339856669142356,0
14.774962140284371,14.478784178102321,3.9165018207339846,4.554974796630896,10.974607033473786,2.435350661004937,0
15.423896896503397,14.359203591476513,3.002394132129078,9.354064327930743,11.039062215594596,0.2982388911324585,0
15.524191163356601,15.390043103156309,2.931239525317821,8.618036229138543,14.7515769611481,2.0306388386655945,0
16.17114779463299,14.440600698206607,2.773480207028455,7.251605338479433,18.94119033652236,3.2724909744381834,0
15.475986675114319,17.365046587292966,2.6472294649755113,4.789690521447064,12.57346176841623,3.338143958768302,0
13.575686458439566,14.703888287222888,3.133010275004395,7.05337308633316,10.85589316042541,6.014748882817293,0
15.618747719507128,14.75500150276872,2.73549318948358,6.149314794396336,16.410757782000935,1.5549625210983091,0
15.1654037511666,15.834773139592587,3.318687664029829,3.936209191941014,8.044014184815527,2.7529049927772777,0
15.709091835599112,15.512339778047298,3.0132616888967836,3.9193591857137617,16.526615193267148,4.075686780349728,0
15.67097549761574,15.08963826265389,3.2743093467003463,4.173756881227242,14.659729070584023,1.015615504512449,0
16.078615462050895,15.147321101212405,2.6911170497768415,4.857701155397926,16.382160550465375,4.125544103144849,0
15.421259911819575,15.234632462831948,3.601218049247807,4.462861369862995,12.86096875166347,2.431989981142508,0
14.88683648338026,14.289461629492127,3.0036613409471227,5.337031131673967,15.044107145110294,2.7531655085971893,0
15.195742782917042,15.51932521339487,3.455194773864245,5.0561739423667715,17.503067063339298,3.5998438041802663,0
13.943651731174743,15.701973670850094,2.7738349985654525,6.971518844310238,20.54156402240799,2.1088586614684237,0
13.683586062182032,17.269888654815492,2.679832888811207,5.838237404983343,13.48257141285917,1.8935085378813874,0
18.219839206168242,15.157461039729691,3.221108989691213,5.4210976319016755,10.554484244233025,3.6239030134054913,0
16.33291464003465,13.119871560648622,2.9700200015661773,5.88112478587336,13.316438006066068,1.1922776166613418,0
14.90656787223656,15.64410170316612,2.55341108409428,3.022247783920652,17.972003730749908,5.157232206963227,0
13.051986267182041,17.025601739864666,3.005329959309596,6.429727848906701,15.011803052572295,2.4324341509447036,0
15.037255869629119,15.595127336946039,2.5821610109908706,3.475509932181997,13.340952147942154,2.8810115053893153,0
15.302024021580593,15.034072763073661,2.7096876682606306,5.691022341564981,17.439888810682326,0.4457116408163704,0
15.694409963746226,14.523724398294123,3.0315929773183137,1.6610504516366573,13.086880815418837,1.4954401777425095,0
15.040178683227474,13.527798788092777,2.35331277077426,7.106403119740212,15.315630029583724,2.2785599082101964,0
13.766498522351178,17.692903322563776,3.5802110093148927,3.195770841826286,13.215769975967005,-0.09002911786291268,0
14.95029875121179,15.836382235579165,3.358930111587595,3.2405400713334815,17.17707076866953,0.21153943103428663,0
13.087938592197997,15.700063867707316,2.6197068083662547,0.4554341028184741,17.202630233458603,1.877089815928844,0
15.327051995256452,15.9144016382257,3.457097097885057,4.140549248063847,18.49685938304509,4.4232982079635725,0
14.325439972797156,15.733644385530692,2.637296861834996,7.755440951059667,11.590346200936375,4.183479621381516,0
14.908746412594734,15.059804631263772,2.625589303070862,6.45179304502341,12.965332242417215,3.053592728628237,0
14.049611218099285,15.382818322746141,3.308704604516156,5.2581871673595995,15.364483669538183,5.3372768714898795,0
15.997265036584587,13.404083897458646,2.549581451239666,6.113025561924142,14.185838855921128,0.9956309146589852,0
15.000177018569014,13.623979835474538,3.4103528717535476,4.901848671320032,11.312734921186317,3.8865790964239073,0
14.292539393798037,14.767010246789132,2.7361135962167236,3.70910978755599,22.713685532216207,3.3681438167736486,0
15.9618246266687,11.807976949807037,2.8771471088649245,2.4163048854999327,12.377082194708386,3.420719916718223,0
14.931710429841075,14.769575308077725,3.200650392576624,5.028060693722357,13.692033706202436,1.5133471594931296,0
14.828900137052775,15.639355900709438,2.62591480294922,6.20733143592733,13.083206177384985,3.626854894162431,0
14.31447725428383,13.403796860420995,2.011298626037427,6.19351679510618,19.672504885513657,2.206920646679971,0
14.897497333797862,17.230419588512603,2.753209413186795,6.803912873618527,15.721878693371828,2.055676888412695,0
17.440008263851386,14.910371428211638,3.7853470171187116,4.889972606076757,15.385395620962964,1.0119246958334083,0
15.398171684090755,15.903920054060965,2.5800050374811465,3.1170135706307525,18.929188186470153,1.5185940203121757,0
15.536855652387413,16.09563209772277,3.2554116430876525,2.2521762532951133,17.69567765764123,2.237193950617584,0
15.627092166037995,14.406500037233188,3.0170928685242617,5.987476826315723,15.513336471071444,3.3972055031290087,0
16.380553057093877,15.480391808426935,2.9745152338547216,4.042715796392008,13.186667856712061,3.142922225575601,0
14.749767725092312,15.161002790111384,2.872332253563485,6.157302425020691,9.570126207479362,6.185641865186922,0
14.575490197559857,14.364073385101749,2.990005826519411,6.693491757425805,17.563898135712407,3.3834014672229396,0
16.48037991321793,15.353453289388783,2.529090798024133,2.3669416578997238,12.98728752333564,1.8056649569814036,0
13.652492087273556,15.75866756870823,3.5080080406782024,4.833664157812579,15.711327605703593,0.5342114053515346,0
15.531484093842705,15.356001826105656,3.450333750738699,7.31971420613283,18.791713606987955,1.802970698050798,0
14.790220271188055,16.45857859166936,3.040120576970804,3.790829728236816,11.385995740660249,5.955248130142299,0
14.548202506753265,14.158364975227881,3.1355151673378834,2.3772335049247824,19.97130251520756,2.9196412297367065,0
16.026157107063327,16.196325967480895,3.133891461863115,4.303566978089753,13.802808669135024,2.8749929063278694,0
15.017187244423688,17.111208002588597,3.2278710189750224,4.972805075749379,15.69711486991675,2.284166753547684,0
16.032614101013824,13.174767475174196,3.1397195357079317,4.168428651446074,14.864526807979317,0.9049223961752944,0
14.58728874250832,16.025218280391154,3.6520940249935347,4.702086442651816,15.225508769297395,5.157174052476499,0
15.48765686523045,15.785835753742333,3.048790885645089,6.0884109823415145,14.094979913282781,2.7274131270447866,0
15.08827749635659,15.748846736182626,3.491611386231174,2.8012427035011775,19.061334265229917,1.0461316866711037,0
13.846249860886243,16.26559540930519,3.673782442954724,5.63781564810061,15.64438707654751,0.7203769831710582,0
15.237151862842353,14.108112888584005,2.5338407153164755,5.062484178581549,16.41185907365058,3.3801388779193133,0
15.008331992156238,14.579548556088142,3.4178097421766793,3.392231997498253,10.63674795704398,3.2593578836974384,0
15.240692124773538,16.205254769845126,2.408074977281238,2.8699990295970124,14.121629611157676,4.413780505157412,0
15.467880294612343,14.514131302068993,2.6762675275621723,7.095856237549784,12.242949402870577,3.354091705670495,0
14.615831344439924,13.937039961942428,2.918753098282658,0.4207255312281024,20.49889784368596,4.085772772335051,0
14.833346643569142,14.840913145967278,2.2840911515692044,4.56898775344621,15.728836208873526,3.193726762184619,0
15.652202106276691,15.197184401003966,3.70866788092676,5.235112977778805,13.391327647639164,3.271585599119727,0
14.618882089363597,14.92375733499871,2.1971504437487814,4.68902033130232,15.092694071673668,0.8077125942645171,0
16.623971823726876,15.444522072069251,3.2839657261283817,4.617276801523015,14.760421963205049,-0.13149981977018044,0
13.838407731493687,14.77790385591416,2.257413411429637,7.001754932794919,12.382685897609345,3.6886570026771315,0
14.884274967516525,15.540525391558717,3.50158871801363,8.847444338623776,13.253529965453748,3.1142125223953596,0
13.962737230993012,13.937367803625845,2.4870979221025507,4.768663931175441,16.406625123799994,2.7473161763541407,0
14.134038420769011,13.615263229515735,2.735829412220968,7.0671521140707005,11.798306895273502,2.9462064458895627,0
14.469982733171287,13.892969915747004,3.00423307930891,4.799956164718596,18.852239310066526,1.7568143749481775,0
15.03141480223237,15.590886062672546,2.8123509836131073,5.1465043512619175,17.829395528827884,1.6394016379952805,0
13.170267322382509,14.605916359611744,2.908698534116172,5.333112120924493,16.019180828183337,3.827372010555783,0
12.669192988185376,14.027658339711438,2.7468440811954835,4.418735371275818,18.627194411017424,2.8648660928291765,0
14.23254896582439,15.380350178246964,2.971576603891893,6.749214546893054,12.975861613727977,1.5006385032075398,0
15.427182769885434,16.537371842983667,2.7212594508115178,7.092111964979196,11.681500363899552,3.5215374819902996,0
16.52278737573994,13.945039446097358,2.800064448644786,6.294088605958825,14.520935654537581,2.4887701076235103,0
16.941303770025762,14.67042136971687,3.2400976958348693,4.003262663120457,12.33351992154724,1.382276140852999,0
15.737887124747068,14.628106287109723,2.8016726641268686,2.947553095098392,13.438287651215203,3.53686794547675,0
13.81206404990283,14.94786972802829,3.313986179124311,7.193900797813665,13.805767523877167,2.8927060215652918,0
13.734214462129042,15.706053424387404,2.8410442885808953,2.2842913917537717,11.626047200038581,2.4485331266388126,0
15.698570534394072,14.34691039553565,2.895178397760833,2.675976935490447,16.050970539649718,4.68006355095432,0
13.978740254380465,13.408334365560979,3.2113941010140183,5.499857864136913,16.502767373495114,3.300389418358768,0
15.890613815380682,14.56132016655474,3.241628842348274,4.355319613253439,16.005838519041962,6.058716178119474,0
15.24551598259928,15.91796440412569,2.629440776746283,7.753015219582686,12.98984577819298,1.382578144441613,0
13.250429764875054,14.214738542525964,3.6489812132139052,3.672435953619151,12.691368433036523,0.2828437582028651,0
13.618246724862004,17.149480431318242,2.9674429671970253,3.4911201403382766,11.721982831793532,4.747406352197455,0
16.97556898694369,15.733478949799682,3.3298336714517314,8.205450047191832,13.009480934015702,0.39586232024623236,0
16.299049909295082,15.052782299404683,3.606538234115586,5.222563748638754,14.80524340166938,6.611198429701602,0
16.175512405850938,13.434401534721554,2.4474561673676103,4.84073223296496,15.105803436936423,4.441943855325269,0
14.472665587286894,13.977817825201203,3.209542593865793,4.515338490822115,13.210199274044813,1.707515454285202,0
15.434173570368587,16.422096181862546,2.2931222193786773,5.904910239518237,17.44310876983684,2.1683240335199723,0
14.730462893217545,14.365021270750038,3.269250393477409,5.946415256329232,13.596890764109073,4.531159760769267,0
15.19984185125293,16.45492588111704,2.9077846263208826,4.296571048558512,17.062851229321197,1.5895497127141511,0
13.968142739227622,14.816026306350027,3.448912870100375,1.5973258887730726,13.005456356260927,5.898796523829432,0
16.108998990240394,16.81189874328487,2.9538383687603607,6.2532464540136266,15.630530724584215,2.9838744720884107,0
14.069280447747406,13.35779790040648,2.3222732453679322,6.870459836787622,14.774108975641479,3.033158285667137,0
15.123593229544444,15.424446818582267,2.8546737187005036,4.589368477191772,15.158796288156713,4.462866439911224,0
13.357227638512372,15.137232646849384,2.9017661439539117,4.978249073490116,13.437557237544645,3.4525812959617013,0
13.552630482732335,14.860194247917276,2.807336524201519,6.598430168859957,16.847135376039205,3.6746578908471914,0
14.784138208674097,15.351337716019339,2.8753170989465633,9.58200467340135,19.803839725200266,2.2628920196003643,0
15.66899180418523,14.614354019593168,3.1739459636222884,5.4470154474646275,14.317101581989217,2.5191171088862974,0
16.18437140323825,14.277520180182705,2.9324811489250857,4.792210785656516,17.435848403793866,4.68787120755902,0
15.651354647355816,14.983960762955844,2.4717321379721393,2.4274007024946203,20.677209458214797,1.0285778358158426,0
15.74470865745663,13.548478987854661,2.650020904416894,3.9856098513231517,16.055351604180714,5.07735433767826,0
16.15425935399974,13.40691989307019,3.2849368190748978,7.827356530941595,17.205742009531235,3.1494581386661045,0
15.289582505934467,16.040181207563695,3.142036480216598,7.542887391596791,15.672428313285515,1.9324501018477631,0
15.950612504301144,14.126835341223963,3.0480399629718393,2.0448892802036522,17.393846720915803,2.673986423670028,0
15.131405521124405,13.6847738522501,3.444781703352474,3.9724925164245484,13.39615834191315,2.9604589412917344,0
14.705092140079739,14.62128968300309,2.9482334279610343,5.080934620891425,11.331850374634188,2.492963682241549,0
14.696619452831344,15.58076692005074,3.3872161384006167,8.116604636717314,18.683579332061818,5.406447405534984,0
13.311599350375122,15.708928626428337,2.6867031886921593,7.25300461865921,15.870333194683393,2.6764712000456155,0
14.707320047809898,16.19712864006251,3.1782749065269087,5.885573539751568,15.671171031646212,-0.06660746162316755,0
13.77581632515376,15.134051481142468,3.7814386236517272,6.053509081039248,13.206907051675186,2.655349814314392,0
13.645401261634818,15.290642505062099,2.7004892882203233,2.6675020647378522,16.936956291614745,5.319791187906204,0
15.868000255445992,15.82225060896204,3.620480295890392,5.059360310203779,14.740462485065763,2.1328917778364818,0
15.494504448192778,14.145794154013569,3.497595077665834,7.77985366975782,19.770454315291982,1.956427214730021,0
12.456205974167782,14.086185617149852,3.009320376083152,5.138845916734539,9.893012463056639,6.0503393019643585,0
14.875688547589677,14.737974619821317,2.9116647813673775,0.2543212182750727,17.49951109137711,2.558657907701729,0
14.180427766445794,13.346297293118507,3.5488038739304066,6.313737972290175,15.615315784386393,-0.3175778406859422,0
14.562873395303322,14.867883339500862,2.798281231445863,4.707233255079323,18.466047711825258,3.4125457690883585,0
14.544269977466676,16.129965749043485,2.997121253901224,4.998035309645874,13.64690009486266,1.1749466051029074,0
13.840508827728735,12.91678279672578,2.4422490262315306,3.4523363701200713,15.913585678599075,3.3124791157068425,0
14.491793884781277,17.12194034304683,2.870973291621904,3.806576270027068,20.31243054174829,1.7718670335582851,0
16.62735138554449,15.284475031437141,3.126257212018922,4.5707480241014755,16.42626757107499,4.327187518561642,0
15.915687140297859,14.060932229146903,2.6507702547542484,6.012399036040711,16.893880425175148,0.6887482855466662,0
16.604357554736982,14.942142462396236,3.2941133162006553,3.4096270256405967,18.890069168678295,2.5159551238062328,0
16.368188706624814,12.880825981059235,3.2375827502753647,8.210971985776625,9.76879918432851,2.8040756859284186,0
14.620013319836255,15.316741970661393,3.1834549198283115,5.389809066437139,16.213434864715524,1.4377164721269047,0
14.844610402201521,14.503951138913493,2.5716762200819425,2.2494409936296567,13.210722838874416,2.626898045814891,0
14.975149132190767,12.567245662700582,3.225535592777768,2.8883031479358614,13.292708479677986,3.4551660987857256,0
15.78491298470444,13.766305522088988,2.6558803990244533,3.41392812918782,14.658526833109365,3.120955800381597,0
15.855997548020824,13.321021719682054,2.925267580993024,5.074813346853878,14.316821888770399,3.5985957531021295,0
14.889156582396332,14.43069837388804,3.0566924810590863,3.3860681116852764,11.800622493488467,5.39304412375235,0
14.579096168082394,15.575876329124466,3.5992996014205594,5.730274521522766,10.861083302287362,0.9261733448089444,0
16.858480944785704,16.4680731937378,2.9912299804242553,4.6114215163769625,17.09175371028133,1.4218695646387451,0
15.416269810745913,14.553948161241168,3.3334026414358298,6.486947695048343,19.255696569937093,2.244718169170545,0
12.608775747994088,15.76182861256005,2.6635192770253986,4.008970427356628,17.373040761726575,4.334668862953828,0
13.57265289374535,16.149063509562502,2.8602064776827603,3.6838009130131324,11.580615094703887,2.3391721918363597,0
17.066015898665842,15.113165525642788,2.4609143186323643,4.395207129456931,18.285560607277212,1.3904037226759642,0
13.363409639287953,15.275450178301872,3.3953197879154535,6.4506357741292035,14.786809431613095,4.53731474387302,0
15.038440746299433,13.355829726514184,3.1275801549538906,4.701652203381245,17.289608739449125,7.26806121468943,0
15.056351722205106,13.798548207843362,2.9310542347804702,4.6731472754836725,17.01297556447318,2.92873417820699,0
14.601620054867539,14.719357574583473,3.467004111095868,3.9868117296775543,13.790017795379477,2.07357863044896,0
16.327887127434902,13.875683402114591,2.350235623262299,3.2815884817667262,13.984146006416589,0.9139713081270795,0
15.810981135788083,15.808080240296274,3.2546384391599377,6.3798814799613055,16.20368209724393,4.05531875748364,0
13.999138449961453,14.688244367010835,2.923549336315367,5.329997255261866,10.570293672168017,6.211725534982215,0
14.916665817144779,15.167089728295139,3.0924038321513088,5.150570296236837,15.337309730971496,4.115885878159871,0
15.227123696949704,16.215667688107697,3.198914502212906,7.202184648831057,13.316220148962268,2.6478999934517495,0
14.65124652231296,16.746150233819666,3.515612071595241,7.69557139330867,20.110733821709893,2.056182135552403,0
17.131310716702167,16.346258442619412,3.353062044783201,8.695989796610828,16.854456242966872,3.9209468722707648,0
13.100105436564409,14.801929884372397,2.7758662625929533,5.590829797780362,9.288070840701238,4.283086512083696,0
15.45061205201194,15.590021761271325,2.4956621870520337,2.2372898885315524,17.8905489168837,2.7548890664833747,0
14.314514431796518,16.102215966503433,2.9408054756509148,5.19938574328879,17.30860669097475,4.803513058505051,0
13.69288697742104,13.846688346045552,3.022509500552541,4.738458525214754,17.10466467647742,1.1771073612909237,0
16.054742203076092,15.602267659819148,4.030934964748617,7.332348305686589,15.518905745358516,4.087745220011461,0
13.63851128915234,15.495881937759318,3.845944590897468,3.764381017463968,14.276734649013282,1.9088333308703254,0
13.991132860237695,15.498473518603157,2.837659077316062,7.641727117273469,13.349953486578563,4.192702312169839,0
16.124521225701987,14.163904407429248,3.767432283512395,3.5325889159114072,10.225260248705853,3.44908677914347,0
16.533727143953136,14.858465543294558,3.228387751158974,6.020241227963043,18.64698244593759,6.6449333842563165,0
14.93452806495049,14.180259614267207,3.985110168426309,5.740498829767946,15.807767174611095,2.1402128791365116,0
15.176699231418999,15.418584490273156,3.461126297646242,3.474913179049575,13.041180061960707,0.5322148527523072,0
16.533897971314985,17.110165351499234,3.0404877091936684,4.098208040397364,19.214056348063778,2.4580530789180934,0
14.111770830745288,13.440900424407882,2.778160111638603,1.134712316564435,19.508675169828948,4.515667672885927,0
15.493859546527261,14.10603295362833,2.828928045261424,4.114069909611142,16.077364415107755,2.8524938344755566,0
15.366936920759633,16.727784076033235,3.1640733118062365,4.457996372418733,13.27858355949762,3.521123582063949,0
14.952498865777356,15.691869793501445,2.8698892802191045,3.7451170648635,13.72863816415455,3.6844843566606102,0
16.455222293943493,14.15529085432759,2.6662423396768977,4.617458540297239,11.879543991787553,3.045307659842045,0
13.594877038663235,14.85374486752249,3.8187399323302644,6.816704013586227,16.588058372956958,2.334056945187591,0
15.17228252932376,15.216338363429363,3.2802545821091758,1.3250104923607777,19.572038942719033,2.290263140379452,0
14.842576030378309,14.688642916756898,3.3515212324778068,2.6236757792522267,15.542926970311223,-0.6473619951793097,0
16.931178496773878,15.664725975232187,2.261833535536846,5.926962027749989,12.793054244851817,1.974730432074756,0
13.43377252652989,14.775297781021772,3.1975137516762677,4.875800791159183,13.24004887607965,2.648796640648697,0
12.492968439140913,14.800028128945334,3.209399325132035,4.898468280634823,10.004566219193245,4.680259077340914,0
14.900351581929224,14.409899004515912,3.4085923929535316,0.9061641337953024,17.245722050735072,2.452137617273323,0
14.562258676445802,15.563282142404661,2.598954101826824,7.390051243009556,17.08925126645444,1.3108652858155576,0
14.627279812958385,14.585993739158631,2.9376490485650124,3.3432589123854504,19.83813139497844,2.426060622813571,0
16.02936777615972,17.33381019387102,3.2508771046242253,3.9824357059517843,19.283793157023823,5.222800686199176,0
14.219284526376345,15.151226452518213,3.1223050259359373,6.312868650134973,16.22752173866173,4.105348663489256,0
13.755350144186849,13.992512266986276,2.5560078811690925,5.765301755365343,13.642958946861011,3.2204422823965007,0
14.667391032487837,14.234252957095412,3.225996012666453,4.028157744272246,15.67005464019962,1.3672376482723334,0
15.949994094096265,12.156563271384822,3.144575846678478,1.881074968941164,18.156395793805373,1.8892106780179283,0
16.56507284423288,14.771736631943472,3.613628041901013,3.8745425719151183,12.698462618913949,0.9205735798158972,0
14.40171716823583,14.763259806738107,3.1514975080832675,8.462864522723558,13.824321831488156,3.1834359522306035,0
14.828708795738615,14.000455564560347,2.648142421373707,3.470020721320237,18.47183329093263,2.3508419485489727,0
14.097276020758304,14.704779962010997,3.515681561286632,6.587621590230137,17.11197983157448,3.5996433054099506,0
15.118532868366916,14.382265456990158,2.7209786933479156,5.678722482967758,17.418477901757935,6.26866171365614,0
14.979283285166462,14.031758540573934,4.011973410827896,5.523863201345264,15.803782222141978,5.816356704028642,0
14.373985687415091,15.68512002818218,2.8904189136469096,5.69669960835661,16.066591114249526,3.071783765827104,0
15.632845924558328,15.289273433164563,2.6572709375774477,7.8424178474940645,14.673524296533618,3.2344113393267944,0
15.651707413897634,17.029412443655563,3.407377531187441,5.361334196643692,15.440179279967612,3.097840185234891,0
16.56916707833054,15.829092366540284,2.891642892456027,2.757174184728287,17.6638416747512,2.246350910791019,0
15.228730340492252,14.373584842689896,2.8996476078038884,9.809275301924814,11.618254013987283,3.244463166089739,0
13.854248813426082,15.112285679713148,3.0494485127624844,3.256277065894915,13.402193166862375,2.0929031305391406,0
16.404125899809117,13.9214740303927,3.094226575055642,2.212793090516998,12.690163249285435,2.8930023225769768,0
14.129530048993626,15.940076617289577,3.070846124620818,2.0502064059249587,12.73126332052379,5.111682453341104,0
15.63593161112087,14.434397904049913,3.2875155756188583,6.432540107468316,17.871383993763867,3.0730772919519187,0
15.0143478768787,15.979672692819108,3.2137405622449546,6.860254195570107,14.658953660644816,3.1880439577483823,0
14.69385562916153,15.628602592041023,3.291175862115211,4.413325884476803,14.568214497424641,3.1671314624984914,0
13.910344580921914,15.859631792833488,3.812388946533527,5.677117999307778,16.10359864503478,6.941185528089506,0
15.970274187171734,14.090133926595536,3.157527458429333,7.031047946141335,11.085292765986061,2.913621545248846,0
16.034878266698023,15.192068120487763,3.1349103448652222,0.7452594639427739,10.889701779568913,3.595675987039981,0
13.670412513474105,15.276784998080723,2.5009386510158085,6.887613816387773,21.389594557681882,3.082160427873455,0
13.600311055670845,15.21327397710174,2.7199250316162247,5.842617758949398,16.503978715254817,2.4660965815042726,0
15.526672807765223,13.568623081925834,2.7350735081209283,6.569899354755634,15.301505322090765,4.947192116984155,0
13.547777674344953,13.766572550345126,2.7672403711272233,2.542820846754611,19.683879895756686,3.159054928080832,0
15.310957154270222,14.383033849212786,2.7188807075809,5.306730595527641,12.3067100111465,1.5512690710782353,0
14.54460196377296,16.663435636741383,2.9099909573732443,6.708247953779678,14.083503314537996,5.793490676443215,0
13.659709174055244,14.982200127142312,2.8636155450831566,5.422011892751897,14.44453506491804,1.833767243481137,0
16.358734441716773,14.585764344555345,2.621694286655609,3.109684295967905,15.584653112325707,1.733124931279992,0
15.722743827909879,13.710874363272247,3.1071539250215015,2.7655612429721184,13.053158327763514,0.5485395824789139,0
14.941117903379427,15.565052588079576,2.942843696120239,6.006272151739763,16.8655020520895,4.132138309893545,0
16.161914851173574,14.898597783571718,2.7786502898436356,6.240542340924204,16.04389004251691,0.9326217337406599,0
16.218691011308167,16.037768881044304,2.8532064853606918,10.502581153317873,13.087450375175992,2.1100606502034407,0
16.0563452415868,15.008725106310642,2.776119790595541,2.299353361804947,11.513231392204874,3.180831376542252,0
14.912101420161587,16.14970213543687,2.4967483210295565,6.501180264575826,18.522331627027842,4.947941825133779,0
